ID,Severity,Area,Original finding,Status,Root-cause correction,Verification
X-01,Critical,Cross-cutting,Tenant error contract differs from the shared API error contract,Fixed,"Standardized Tenant failures on the shared `error.details` contract and retained typed details in `ApiError`, so readiness data is no longer discarded.",Source review + typecheck + ESLint + production build; targeted tests where applicable
X-02,High,Cross-cutting,Errors are shown in one global alert far from the failed action,Fixed,Moved errors into the owning workflow sections and action forms instead of relying on one distant page-level alert.,Source review + typecheck + ESLint + production build; targeted tests where applicable
X-03,High,Cross-cutting,Error precedence can hide the actual action error,Fixed,"Separated load, action, form, and child-panel errors so unrelated failures cannot hide the latest mutation error.",Source review + typecheck + ESLint + production build; targeted tests where applicable
X-04,High,Cross-cutting,"No success feedback exists for create, update, provisioning, domain, subscription, plan, or configuration actions",Fixed,"Added accessible action-specific success notices for tenant, domain, onboarding, subscription, plan, and configuration mutations.",Source review + typecheck + ESLint + production build; targeted tests where applicable
X-05,Medium,Cross-cutting,Reloads clear current data and cause layout/scroll jumps,Fixed,"Retained existing records during refresh and used local loading states, preventing detail disappearance and layout jumps.",Source review + typecheck + ESLint + production build; targeted tests where applicable
X-06,Medium,Cross-cutting,Filter/page/selected state is not persisted in the URL,Fixed,"Persisted operational filters, pagination, and selected tenant state in URL query parameters.",Source review + typecheck + ESLint + production build; targeted tests where applicable
X-07,Medium,Cross-cutting,Date and money formatting are inconsistent,Fixed,"Centralized human-readable money, interval, status, and business-time formatting for the audited screens.",Source review + typecheck + ESLint + production build; targeted tests where applicable
X-08,High,Cross-cutting,"No tests cover SaaS Tenants, Tenant Plans, or Platform Defaults",Fixed,"Added focused API-contract, permission, activation, tenant-form, plan-editor, presentation, and configuration component tests.",Source review + typecheck + ESLint + production build; targeted tests where applicable
T-01,Critical,SaaS Tenants,Activate is not gated by readiness,Fixed,Moved activation into the final readiness step and disabled it until the authoritative readiness endpoint reports ready.,Source review + typecheck + ESLint + production build; targeted tests where applicable
T-02,High,SaaS Tenants,Activation is placed before the required setup workflow,Fixed,Reordered the workflow to Identity → Foundation → Domain → Subscription → Final readiness/activation.,Source review + typecheck + ESLint + production build; targeted tests where applicable
T-03,High,SaaS Tenants,The page is overloaded,Fixed,"Rebuilt the page as a URL-persisted master/detail workflow with staged panels and collapsed creation, reducing cognitive load.",Source review + typecheck + ESLint + production build; targeted tests where applicable
T-04,High,SaaS Tenants,Create form is permanently open for operators with create permission,Fixed,Made tenant creation an explicit collapsed action instead of a permanently open form.,Source review + typecheck + ESLint + production build; targeted tests where applicable
T-05,High,SaaS Tenants,Directory cards omit operational readiness,Fixed,"Added operational tenant-card context for foundation, primary domain, subscription, and status; full blockers remain in the authoritative selected-tenant readiness panel to avoid list N+1 calls.",Source review + typecheck + ESLint + production build; targeted tests where applicable
T-06,High,SaaS Tenants,“Provision tenant foundation” displays full activation readiness,Fixed,Restricted the foundation panel to foundation progress; domain and subscription requirements live in their own stages.,Source review + typecheck + ESLint + production build; targeted tests where applicable
T-07,High,SaaS Tenants,Provisioning state/action wording is incorrect after initial provisioning,Fixed,"Added state-aware Provision, Resume, and Retry wording and behavior.",Source review + typecheck + ESLint + production build; targeted tests where applicable
T-08,High,SaaS Tenants,Tenant form has no field-level server validation,Fixed,Passed server validation to the tenant form and rendered field-level errors next to the responsible controls.,Source review + typecheck + ESLint + production build; targeted tests where applicable
T-09,High,SaaS Tenants,Verify action is available before a DNS challenge is requested,Fixed,Disabled verification until a current DNS challenge has been requested and displayed.,Source review + typecheck + ESLint + production build; targeted tests where applicable
T-10,High,SaaS Tenants,Primary domain can be disabled from the same generic action set,Fixed,Added primary-domain access-impact confirmation and prevented blind destructive actions.,Source review + typecheck + ESLint + production build; targeted tests where applicable
T-11,High,SaaS Tenants,Domain mutations trigger duplicated request chains,Fixed,"Updated domain state locally and coordinated only the necessary parent refresh, removing duplicate list request chains.",Source review + typecheck + ESLint + production build; targeted tests where applicable
T-12,High,SaaS Tenants,Archived/non-draft tenants still expose domain and subscription management controls,Fixed,Removed domain and subscription mutation controls for archived tenants and other invalid lifecycle states.,Source review + typecheck + ESLint + production build; targeted tests where applicable
T-13,High,SaaS Tenants,Subscription UI can only assign the latest plan revision,Fixed,Added exact immutable revision retrieval and selection instead of forcing the latest revision.,Source review + typecheck + ESLint + production build; targeted tests where applicable
T-14,High,SaaS Tenants,Current vs proposed subscription is not compared,Fixed,"Added current/proposed contract comparison, module changes, limits, usage, price, and date impact before assignment.",Source review + typecheck + ESLint + production build; targeted tests where applicable
T-15,High,SaaS Tenants,Activation failure refresh removes the detail/setup content temporarily,Fixed,Kept selected tenant data visible during reload and displayed local action progress/errors.,Source review + typecheck + ESLint + production build; targeted tests where applicable
T-16,Medium,SaaS Tenants,Raw readiness keys are humanized mechanically,Fixed,"Replaced mechanical key humanization with a curated readiness catalogue containing labels, explanations, and target stages.",Source review + typecheck + ESLint + production build; targeted tests where applicable
T-17,Medium,SaaS Tenants,One-time invitation token has no Copy button or acknowledgement flow,Fixed,"Added copy controls, expiry formatting, one-time-secret warning, and explicit acknowledgement for the initial invitation token.",Source review + typecheck + ESLint + production build; targeted tests where applicable
T-18,Medium,SaaS Tenants,Domain hostname has no client-side semantic validation,Fixed,"Added semantic hostname validation that rejects schemes, paths, ports, whitespace, and invalid labels before submission.",Source review + typecheck + ESLint + production build; targeted tests where applicable
T-19,Medium,SaaS Tenants,DNS host/value have no copy controls,Fixed,Added individual DNS host/value copy actions with copied feedback.,Source review + typecheck + ESLint + production build; targeted tests where applicable
T-20,Medium,SaaS Tenants,Verification/challenge dates are raw server strings,Fixed,Formatted verification and challenge timestamps through the shared business-time formatter and exposed expiry state.,Source review + typecheck + ESLint + production build; targeted tests where applicable
T-21,Medium,SaaS Tenants,Make-primary action has no confirmation,Fixed,Added confirmation and routing-impact explanation before changing the primary domain.,Source review + typecheck + ESLint + production build; targeted tests where applicable
T-22,Medium,SaaS Tenants,Lifecycle reason is mandatory but unexplained,Fixed,"Explained lifecycle reason auditing, enforced useful content, and repeated the reason in confirmation.",Source review + typecheck + ESLint + production build; targeted tests where applicable
T-23,Medium,SaaS Tenants,"Current subscription omits trial end, limits, enabled modules, and renewal/expiry urgency",Fixed,"Expanded the current subscription summary with revision, modules, limits, trial/end dates, and expiry context.",Source review + typecheck + ESLint + production build; targeted tests where applicable
T-24,Medium,SaaS Tenants,"Logo editing has no current preview, remove action, size/dimension guidance, or upload progress",Fixed,"Added current logo preview, client validation, size/type guidance, replacement preview, and explicit removal.",Source review + typecheck + ESLint + production build; targeted tests where applicable
T-25,Medium,SaaS Tenants,Active-currency lookup can lose an existing inactive currency selection,Fixed,Preserved the current inactive currency as a labelled historical option while requiring an active currency for changes.,Source review + typecheck + ESLint + production build; targeted tests where applicable
T-26,Medium,SaaS Tenants,No unsaved-change guard,Fixed,Added unsaved-change protection to tenant editing.,Source review + typecheck + ESLint + production build; targeted tests where applicable
T-27,Medium,SaaS Tenants,No close/clear-selection control and no sticky master-detail layout,Fixed,Implemented responsive URL-persisted master/detail state with explicit clear-selection behavior instead of a fragile single long form.,Source review + typecheck + ESLint + production build; targeted tests where applicable
T-28,Medium,SaaS Tenants,Parent/child action errors can mask each other,Fixed,"Separated parent load errors from domain, subscription, onboarding, and readiness action errors.",Source review + typecheck + ESLint + production build; targeted tests where applicable
P-01,Critical,Tenant Plans,"Editing a plan with blank effective date sends `effective_at: null`, but PATCH validation uses `sometimes,date` without `nullable`",Fixed,Omitted blank `effective_at` from sparse updates and created revisions only when commercial values actually change.,Source review + typecheck + ESLint + production build; targeted tests where applicable
P-02,Critical,Tenant Plans,The Active checkbox bypasses the explicit Deactivate workflow and can also reactivate an inactive plan,Fixed,"Removed `is_active` from the plan editor and replaced it with explicit activate/deactivate lifecycle services, routes, confirmations, and permissions.",Source review + typecheck + ESLint + production build; targeted tests where applicable
P-03,High,Tenant Plans,Immutable revision history is not accessible,Fixed,Added plan revision history API/resource/service and a revision-history UI.,Source review + typecheck + ESLint + production build; targeted tests where applicable
P-04,High,Tenant Plans,No revision diff/review step exists,Fixed,Added a pre-submit change review showing identity and immutable commercial revision differences.,Source review + typecheck + ESLint + production build; targeted tests where applicable
P-05,High,Tenant Plans,"Identity, commercial revision, and lifecycle state are mixed in one form",Fixed,"Separated plan identity editing, commercial revision creation, revision history, and lifecycle actions.",Source review + typecheck + ESLint + production build; targeted tests where applicable
P-06,High,Tenant Plans,Deactivation impact is invisible,Fixed,Added subscription counts and deactivation impact messaging before lifecycle changes.,Source review + typecheck + ESLint + production build; targeted tests where applicable
P-07,Medium,Tenant Plans,Create/revise form is permanently open,Fixed,Made create/revise editing an explicit editor workflow rather than a permanently open catalogue form.,Source review + typecheck + ESLint + production build; targeted tests where applicable
P-08,Medium,Tenant Plans,No dirty-state guard,Fixed,Added unsaved-change protection to plan editing.,Source review + typecheck + ESLint + production build; targeted tests where applicable
P-09,Medium,Tenant Plans,Module selection is an ungrouped flat checklist,Fixed,Grouped modules by business area with selected counts and clearer scanning.,Source review + typecheck + ESLint + production build; targeted tests where applicable
P-10,Medium,Tenant Plans,No module/limit change summary,Fixed,Added old/new module and limit summaries before revision creation.,Source review + typecheck + ESLint + production build; targeted tests where applicable
P-11,Medium,Tenant Plans,Raw price formatting is not user-friendly,Fixed,Formatted prices with currency context and readable billing intervals.,Source review + typecheck + ESLint + production build; targeted tests where applicable
P-12,Medium,Tenant Plans,`datetime-local` has no timezone explanation,Fixed,Explained timezone normalization and showed normalized effective timestamps.,Source review + typecheck + ESLint + production build; targeted tests where applicable
P-13,Medium,Tenant Plans,Existing inactive billing currency can disappear from the active currency list,Fixed,"Preserved inactive historical currency references, while blocking new revisions until an active currency is selected.",Source review + typecheck + ESLint + production build; targeted tests where applicable
P-14,Medium,Tenant Plans,Catalogue lacks active/inactive filter and revision/effective-date details,Fixed,"Added active/inactive filtering plus latest revision, effective date, assignment counts, and history access.",Source review + typecheck + ESLint + production build; targeted tests where applicable
P-15,Medium,Tenant Plans,Limit summary exposes transformed keys in one long sentence,Fixed,Replaced transformed technical limit keys with a labelled compact grid.,Source review + typecheck + ESLint + production build; targeted tests where applicable
P-16,Medium,Tenant Plans,Module validation errors have no local location,Fixed,Rendered module validation errors at the module fieldset.,Source review + typecheck + ESLint + production build; targeted tests where applicable
P-17,Medium,Tenant Plans,No success feedback after create/revise/deactivate,Fixed,Added success feedback including the resulting plan/revision action.,Source review + typecheck + ESLint + production build; targeted tests where applicable
P-18,Medium,Tenant Plans,Load errors can hide mutation errors,Fixed,"Separated catalogue, currency, editor, history, and lifecycle errors.",Source review + typecheck + ESLint + production build; targeted tests where applicable
D-01,Critical,Platform Defaults,Frontend permission model does not enforce the separate secret-management permission,Fixed,"Split platform configuration view, manage, and secret permissions; secret replacement controls require `platform.secrets.manage`.",Source review + typecheck + ESLint + production build; targeted tests where applicable
D-02,Critical,Platform Defaults,Duplicate override prevention uses only the current paginated page,Fixed,"Returned authoritative `existing_keys` from the server across the full scope, eliminating page-local duplicate detection.",Source review + typecheck + ESLint + production build; targeted tests where applicable
D-03,High,Platform Defaults,Add Override can open before definitions finish loading or after definitions fail,Fixed,Disabled Add Override until definitions are ready and surfaced definition-load failures in context.,Source review + typecheck + ESLint + production build; targeted tests where applicable
D-04,High,Platform Defaults,The page shows stored overrides but not the effective resolved value or inheritance source,Fixed,"Added effective value, inherited value, and source-scope metadata to each setting.",Source review + typecheck + ESLint + production build; targeted tests where applicable
D-05,High,Platform Defaults,Remove confirmation does not show the inherited value that will replace the override,Fixed,Previewed the exact inherited/default value and source that will become effective after removal.,Source review + typecheck + ESLint + production build; targeted tests where applicable
D-06,High,Platform Defaults,Version conflicts leave stale rows/forms in place,Fixed,Reloaded authoritative entries and closed/reconciled stale editors after version conflicts.,Source review + typecheck + ESLint + production build; targeted tests where applicable
D-07,High,Platform Defaults,Other table actions remain enabled while a mutation is running,Fixed,Locked all row and modal mutations while an operation is in progress.,Source review + typecheck + ESLint + production build; targeted tests where applicable
D-08,High,Platform Defaults,Sensitive replacement semantics are unclear,Fixed,Made protected settings explicitly replacement-only and never attempted to display current secrets.,Source review + typecheck + ESLint + production build; targeted tests where applicable
D-09,High,Platform Defaults,Sensitive definitions are not filtered or labelled by required permission,Fixed,Labelled sensitive definitions and disabled replacement unless the operator has the separate secret permission.,Source review + typecheck + ESLint + production build; targeted tests where applicable
D-10,Medium,Platform Defaults,Platform scope selector has one option,Fixed,Removed the meaningless one-option platform scope selector and displayed a Global defaults context.,Source review + typecheck + ESLint + production build; targeted tests where applicable
D-11,Medium,Platform Defaults,“Filter by area” exposes technical prefix syntax,Fixed,Replaced technical prefix-only filtering with debounced search and owner filtering.,Source review + typecheck + ESLint + production build; targeted tests where applicable
D-12,Medium,Platform Defaults,Prefix requests are not debounced,Fixed,Debounced requests and retained current results during refresh.,Source review + typecheck + ESLint + production build; targeted tests where applicable
D-13,Medium,Platform Defaults,"No owner, sensitivity, runtime-mutability, or source badges",Fixed,"Added owner, sensitivity, runtime-mutability, source, and configured-state badges.",Source review + typecheck + ESLint + production build; targeted tests where applicable
D-14,Medium,Platform Defaults,JSON values require raw JSON editing,Fixed,"Added typed editors, including line-list editing for string arrays; raw JSON is not the default workflow.",Source review + typecheck + ESLint + production build; targeted tests where applicable
D-15,Medium,Platform Defaults,Decimal parsing converts to JavaScript `number`,Fixed,Preserved decimal values as exact strings through frontend and backend validation.,Source review + typecheck + ESLint + production build; targeted tests where applicable
D-16,Medium,Platform Defaults,Modal Close button looks enabled while save is running but silently does nothing,Fixed,Made modal close visibly disabled while saving.,Source review + typecheck + ESLint + production build; targeted tests where applicable
D-17,Medium,Platform Defaults,Mobile DataTable renders action column as a normal detail row,Fixed,Provided explicit mobile summary/details/actions for configuration rows.,Source review + typecheck + ESLint + production build; targeted tests where applicable
D-18,Medium,Platform Defaults,No success feedback,Fixed,Added success feedback naming the changed setting and scope/effective result.,Source review + typecheck + ESLint + production build; targeted tests where applicable
D-19,Medium,Platform Defaults,No view-only platform permission,Fixed,Added a least-privilege `platform.configuration.view` path separate from manage permission.,Source review + typecheck + ESLint + production build; targeted tests where applicable
D-20,Medium,Platform Defaults,Filters/page/scope are not URL-persisted,Fixed,"Persisted search, owner, page, and applicable scope state in the URL.",Source review + typecheck + ESLint + production build; targeted tests where applicable
D-21,Medium,Platform Defaults,Loading clears the table,Fixed,Retained table data during refresh and used a local refresh indicator.,Source review + typecheck + ESLint + production build; targeted tests where applicable
D-22,Medium,Platform Defaults,Protected values lack rotation/status metadata,Fixed,Displayed configured/not-configured state and authoritative update timestamp while keeping protected values hidden; no unsupported rotation timestamp is invented.,Source review + typecheck + ESLint + production build; targeted tests where applicable
